task,clean_success_rate,randomized_success_rate
adjust_bottle,1.00,0.99
beat_block_hammer,0.89,0.83
blocks_ranking_rgb,0.98,0.91
blocks_ranking_size,0.74,0.69
click_alarmclock,0.22,0.13
click_bell,0.15,0.28
dump_bin_bigbin,0.97,0.99
grab_roller,1.00,1.00
handover_block,0.82,0.74
handover_mic,1.00,0.99
hanging_mug,0.30,0.34
lift_pot,1.00,0.98
move_can_pot,0.82,0.86
move_pillbottle_pad,0.93,0.90
move_playingcard_away,0.99,1.00
move_stapler_pad,0.72,0.77
open_laptop,0.97,1.00
open_microwave,0.73,0.79
pick_diverse_bottles,0.63,0.61
pick_dual_bottles,0.85,0.83
place_a2b_left,0.95,0.97
place_a2b_right,0.91,0.88
place_bread_basket,0.92,0.86
place_bread_skillet,0.94,0.86
place_burger_fries,0.99,0.95
place_can_basket,0.81,0.72
place_cans_plasticbox,0.98,0.96
place_container_plate,1.00,1.00
place_dual_shoes,0.84,0.85
place_empty_cup,1.00,1.00
place_fan,0.94,0.97
place_mouse_pad,0.82,0.73
place_object_basket,0.89,0.88
place_object_scale,0.94,0.93
place_object_stand,0.97,0.92
place_phone_stand,0.91,0.96
place_shoe,0.94,0.97
press_stapler,0.96,0.94
put_bottles_dustbin,0.79,0.89
put_object_cabinet,0.91,0.92
rotate_qrcode,0.91,0.94
scan_object,0.81,0.81
shake_bottle,0.98,1.00
shake_bottle_horizontally,1.00,0.99
stack_blocks_three,0.84,0.80
stack_blocks_two,0.98,0.93
stack_bowls_three,0.82,0.80
stack_bowls_two,0.99,0.98
stamp_seal,0.78,0.83
turn_switch,0.71,0.69
